Workbook

Sheet Январь
A1: Анализ продаж торговой фирмы "Вещи даром"
A2: Наименова-ние товара | B2: Цена за единицу (у.е.) | D2: Предложе-ние (шт.) | E2: Продажа | H2: Выручка от продаж, у.е. | I2: Остаток на складе
B3: Нал. | C3: Безнал. | E3: Нал. | F3: Безнал. | G3: Всего
A4: Телевизор | B4: =RANDBETWEEN(10,500) -> 212 | C4: =RANDBETWEEN(10,500) -> 355 | D4: =RANDBETWEEN(G4,G4+RANDBETWEEN(0,100)) -> 70 | E4: =RANDBETWEEN(1,60) -> 12 | F4: =RANDBETWEEN(1,60) -> 10 | G4: =E4+F4 -> 22 | H4: =B4*E4+C4*F4 -> 6094 | I4: =D4-G4 -> 48
A5: Кофеварка | B5: =RANDBETWEEN(10,500) -> 376 | C5: =RANDBETWEEN(10,500) -> 114 | D5: =RANDBETWEEN(G5,G5+RANDBETWEEN(0,100)) -> 45 | E5: =RANDBETWEEN(1,60) -> 8 | F5: =RANDBETWEEN(1,60) -> 27 | G5: =E5+F5 -> 35 | H5: =B5*E5+C5*F5 -> 6086 | I5: =D5-G5 -> 10
A6: Музыкаль-ный центр | B6: =RANDBETWEEN(10,500) -> 295 | C6: =RANDBETWEEN(10,500) -> 327 | D6: =RANDBETWEEN(G6,G6+RANDBETWEEN(0,100)) -> 156 | E6: =RANDBETWEEN(1,60) -> 53 | F6: =RANDBETWEEN(1,60) -> 56 | G6: =E6+F6 -> 109 | H6: =B6*E6+C6*F6 -> 33947 | I6: =D6-G6 -> 47
A7: Видеокамера | B7: =RANDBETWEEN(10,500) -> 47 | C7: =RANDBETWEEN(10,500) -> 396 | D7: =RANDBETWEEN(G7,G7+RANDBETWEEN(0,100)) -> 147 | E7: =RANDBETWEEN(1,60) -> 44 | F7: =RANDBETWEEN(1,60) -> 15 | G7: =E7+F7 -> 59 | H7: =B7*E7+C7*F7 -> 8008 | I7: =D7-G7 -> 88
A8: Фотоаппарат | B8: =RANDBETWEEN(10,500) -> 320 | C8: =RANDBETWEEN(10,500) -> 223 | D8: =RANDBETWEEN(G8,G8+RANDBETWEEN(0,100)) -> 159 | E8: =RANDBETWEEN(1,60) -> 37 | F8: =RANDBETWEEN(1,60) -> 52 | G8: =E8+F8 -> 89 | H8: =B8*E8+C8*F8 -> 23436 | I8: =D8-G8 -> 70

Sheet Февраль
A1: Анализ продаж торговой фирмы "Вещи даром"
A2: Наименова-ние товара | B2: Цена за единицу (у.е.) | D2: Предложе-ние (шт.) | E2: Продажа | H2: Выручка от продаж, у.е. | I2: Остаток на складе
B3: Нал. | C3: Безнал. | E3: Нал. | F3: Безнал. | G3: Всего
A4: Телевизор | B4: =RANDBETWEEN(10,500) -> 259 | C4: =RANDBETWEEN(10,500) -> 401 | D4: =RANDBETWEEN(G4,G4+RANDBETWEEN(0,100)) -> 90 | E4: =RANDBETWEEN(1,60) -> 33 | F4: =RANDBETWEEN(1,60) -> 32 | G4: =E4+F4 -> 65 | H4: =B4*E4+C4*F4 -> 21379 | I4: =D4-G4 -> 25
A5: Кофеварка | B5: =RANDBETWEEN(10,500) -> 126 | C5: =RANDBETWEEN(10,500) -> 231 | D5: =RANDBETWEEN(G5,G5+RANDBETWEEN(0,100)) -> 103 | E5: =RANDBETWEEN(1,60) -> 36 | F5: =RANDBETWEEN(1,60) -> 21 | G5: =E5+F5 -> 57 | H5: =B5*E5+C5*F5 -> 9387 | I5: =D5-G5 -> 46
A6: Музыкаль-ный центр | B6: =RANDBETWEEN(10,500) -> 120 | C6: =RANDBETWEEN(10,500) -> 146 | D6: =RANDBETWEEN(G6,G6+RANDBETWEEN(0,100)) -> 105 | E6: =RANDBETWEEN(1,60) -> 15 | F6: =RANDBETWEEN(1,60) -> 47 | G6: =E6+F6 -> 62 | H6: =B6*E6+C6*F6 -> 8662 | I6: =D6-G6 -> 43
A7: Видеокамера | B7: =RANDBETWEEN(10,500) -> 263 | C7: =RANDBETWEEN(10,500) -> 220 | D7: =RANDBETWEEN(G7,G7+RANDBETWEEN(0,100)) -> 61 | E7: =RANDBETWEEN(1,60) -> 16 | F7: =RANDBETWEEN(1,60) -> 25 | G7: =E7+F7 -> 41 | H7: =B7*E7+C7*F7 -> 9708 | I7: =D7-G7 -> 20
A8: Фотоаппарат | B8: =RANDBETWEEN(10,500) -> 326 | C8: =RANDBETWEEN(10,500) -> 437 | D8: =RANDBETWEEN(G8,G8+RANDBETWEEN(0,100)) -> 55 | E8: =RANDBETWEEN(1,60) -> 7 | F8: =RANDBETWEEN(1,60) -> 42 | G8: =E8+F8 -> 49 | H8: =B8*E8+C8*F8 -> 20636 | I8: =D8-G8 -> 6

Sheet Март
A1: Анализ продаж торговой фирмы "Вещи даром"
A2: Наименова-ние товара | B2: Цена за единицу (у.е.) | D2: Предложе-ние (шт.) | E2: Продажа | H2: Выручка от продаж, у.е. | I2: Остаток на складе
B3: Нал. | C3: Безнал. | E3: Нал. | F3: Безнал. | G3: Всего
A4: Телевизор | B4: =RANDBETWEEN(10,500) -> 115 | C4: =RANDBETWEEN(10,500) -> 222 | D4: =RANDBETWEEN(G4,G4+RANDBETWEEN(0,100)) -> 46 | E4: =RANDBETWEEN(1,60) -> 4 | F4: =RANDBETWEEN(1,60) -> 23 | G4: =E4+F4 -> 27 | H4: =B4*E4+C4*F4 -> 5566 | I4: =D4-G4 -> 19
A5: Кофеварка | B5: =RANDBETWEEN(10,500) -> 216 | C5: =RANDBETWEEN(10,500) -> 467 | D5: =RANDBETWEEN(G5,G5+RANDBETWEEN(0,100)) -> 73 | E5: =RANDBETWEEN(1,60) -> 1 | F5: =RANDBETWEEN(1,60) -> 44 | G5: =E5+F5 -> 45 | H5: =B5*E5+C5*F5 -> 20764 | I5: =D5-G5 -> 28
A6: Музыкаль-ный центр | B6: =RANDBETWEEN(10,500) -> 225 | C6: =RANDBETWEEN(10,500) -> 418 | D6: =RANDBETWEEN(G6,G6+RANDBETWEEN(0,100)) -> 119 | E6: =RANDBETWEEN(1,60) -> 32 | F6: =RANDBETWEEN(1,60) -> 2 | G6: =E6+F6 -> 34 | H6: =B6*E6+C6*F6 -> 8036 | I6: =D6-G6 -> 85
A7: Видеокамера | B7: =RANDBETWEEN(10,500) -> 23 | C7: =RANDBETWEEN(10,500) -> 233 | D7: =RANDBETWEEN(G7,G7+RANDBETWEEN(0,100)) -> 153 | E7: =RANDBETWEEN(1,60) -> 60 | F7: =RANDBETWEEN(1,60) -> 40 | G7: =E7+F7 -> 100 | H7: =B7*E7+C7*F7 -> 10700 | I7: =D7-G7 -> 53
A8: Фотоаппарат | B8: =RANDBETWEEN(10,500) -> 428 | C8: =RANDBETWEEN(10,500) -> 209 | D8: =RANDBETWEEN(G8,G8+RANDBETWEEN(0,100)) -> 19 | E8: =RANDBETWEEN(1,60) -> 5 | F8: =RANDBETWEEN(1,60) -> 7 | G8: =E8+F8 -> 12 | H8: =B8*E8+C8*F8 -> 3603 | I8: =D8-G8 -> 7

Sheet Итог
A1: Сводные показатели за 1 квартал
A2: Наименование товара | B2: Продано (шт.) | C2: Выручка за 1 квартал, у.е.
B3: =Март!$G$4 -> 27 | C3: =Март!$H$4 -> 5566
B4: =Февраль!$G$4 -> 65 | C4: =Февраль!$H$4 -> 21379
B5: =Январь!$G$4 -> 22 | C5: =Январь!$H$4 -> 6094
A6: {=Январь!A4:A4} -> Телевизор | B6: =SUM(B3:B5) -> 114 | C6: =SUM(C3:C5) -> 33039
B7: =Март!$G$5 -> 45 | C7: =Март!$H$5 -> 20764
B8: =Февраль!$G$5 -> 57 | C8: =Февраль!$H$5 -> 9387
B9: =Январь!$G$5 -> 35 | C9: =Январь!$H$5 -> 6086
A10: {=Январь!A5:A5} -> Кофеварка | B10: =SUM(B7:B9) -> 137 | C10: =SUM(C7:C9) -> 36237
B11: =Март!$G$6 -> 34 | C11: =Март!$H$6 -> 8036
B12: =Февраль!$G$6 -> 62 | C12: =Февраль!$H$6 -> 8662
B13: =Январь!$G$6 -> 109 | C13: =Январь!$H$6 -> 33947
A14: {=Январь!A6:A6} -> Музыкаль-ный центр | B14: =SUM(B11:B13) -> 205 | C14: =SUM(C11:C13) -> 50645
B15: =Март!$G$7 -> 100 | C15: =Март!$H$7 -> 10700
B16: =Февраль!$G$7 -> 41 | C16: =Февраль!$H$7 -> 9708
B17: =Январь!$G$7 -> 59 | C17: =Январь!$H$7 -> 8008
A18: {=Январь!A7:A7} -> Видеокамера | B18: =SUM(B15:B17) -> 200 | C18: =SUM(C15:C17) -> 28416
B19: =Март!$G$8 -> 12 | C19: =Март!$H$8 -> 3603
B20: =Февраль!$G$8 -> 49 | C20: =Февраль!$H$8 -> 20636
B21: =Январь!$G$8 -> 89 | C21: =Январь!$H$8 -> 23436
A22: {=Январь!A8:A8} -> Фотоаппарат | B22: =SUM(B19:B21) -> 150 | C22: =SUM(C19:C21) -> 47675
